precision,recall,accuracy,f1_score,log_loss,roc_auc
0.85642521471398481,0.95552341348761527,0.88512279277450778,0.90326439924799184,0.29374654225824309,0.9352987012987013
